time,target,state,error,control,controller
0.0,1.0,0.16832,1.0,8.416,pid
0.02,1.0,0.1849253376,0.83168,1.0154188799999997,pid
0.04,1.0,0.218834884947968,0.8150746624,1.8988952387584004,pid
0.06,1.0,0.2485442316486387,0.781165115052032,1.726185708476301,pid
0.08,1.0,0.27691841400381056,0.7514557683513613,1.692107772572097,pid
0.1,1.0,0.30369800942309905,0.7230815859961894,1.6435900263686167,pid
0.12,1.0,0.32901720023232794,0.696301990576901,1.6000273508268554,pid
0.14,1.0,0.35295401073404364,0.6709827997676721,1.5587594453413458,pid
0.16,1.0,0.37558818485410594,0.6470459892659564,1.5199581178105628,pid
0.18,1.0,0.39699409493240895,0.6244118151458941,1.483442507254668,pid
0.2,1.0,0.41724194487986355,0.6030059050675911,1.4490860017983787,pid
0.22,1.0,0.4363978951243365,0.5827580551201365,1.4167636515914992,pid
0.24,1.0,0.4545243094896144,0.5636021048756634,1.3863584029006644,pid
0.26,1.0,0.4716799713757896,0.5454756905103856,1.3577598347473347,pid
0.28,1.0,0.48792028963658457,0.5283200286242105,1.3308638815531182,pid
0.3,1.0,0.5032974923614858,0.5120797103634154,1.3055724548453047,pid
0.32,1.0,0.5178608095623956,0.4967025076385142,1.2817931016431217,pid
0.34,1.0,0.5316566453630607,0.48213919043760445,1.2594386805518887,pid
0.36,1.0,0.5447287402991924,0.4683433546369393,1.238427056705951,pid
0.38,1.0,0.5571183242966431,0.4552712597008076,1.2186808142016483,pid
0.4,1.0,0.5688642608631391,0.4428816757033569,1.2001269850511063,pid
0.42,1.0,0.5800031829982187,0.4311357391368609,1.1826967937034338,pid
0.44,1.0,0.5905696212970533,0.41999681700178126,1.1663254162397696,pid
0.46,1.0,0.6005961246965038,0.40943037870294674,1.1509517533992846,pid
0.48,1.0,0.610113374286016,0.3994038753034962,1.1365182166417631,pid
0.5,1.0,0.6191502905816834,0.389886625713984,1.122970526497988,pid
0.52,1.0,0.6277341346389292,0.38084970941831664,1.110257522502148,pid
0.54,1.0,0.6358906033576941,0.37226586536107076,1.098330984041064,pid
0.56,1.0,0.6436439193136887,0.3641093966423059,1.0871454614931915,pid
0.58,1.0,0.6510169154301156,0.3563560806863113,1.076658117066407,pid
0.6,1.0,0.6580311147862032,0.34898308456988436,1.0668285747775064,pid
0.62,1.0,0.6647068058418738,0.34196888521379676,1.0576187790483529,pid
0.64,1.0,0.6710631133418281,0.3352931941581262,1.0489928614237758,pid
0.66,1.0,0.6771180651472022,0.3289368866581719,1.0409170149447136,pid
0.68,1.0,0.6828886552287026,0.3228819348527978,1.0333593757369421,pid
0.7000000000000001,1.0,0.6883909030416896,0.31711134477129743,1.026289911400924,pid
0.72,1.0,0.6936399094910158,0.3116090969583104,1.0196803158121683,pid
0.74,1.0,0.6986499096814913,0.30636009050898416,1.0135039099638938,pid
0.76,1.0,0.7034343226385976,0.3013500903185087,1.0077355485049533,pid
0.78,1.0,0.7080057981734664,0.2965656773614024,1.0023515316458957,pid
0.8,1.0,0.7123762610561474,0.2919942018265336,0.9973295221248601,pid
0.8200000000000001,1.0,0.7165569526517652,0.2876237389438526,0.9926484669426545,pid
0.84,1.0,0.7205584701652888,0.2834430473482348,0.988288523593122,pid
0.86,1.0,0.7243908036322642,0.27944152983471116,0.9842309905305862,pid
0.88,1.0,0.7280633707849747,0.27560919636773584,0.980458241631019,pid
0.9,1.0,0.7315850499160561,0.27193662921502526,0.9769536644175424,pid
0.92,1.0,0.7349642108545842,0.2684149500839439,0.9737016018340655,pid
0.9400000000000001,1.0,0.7382087441630483,0.2650357891454158,0.9706872973632446,pid
0.96,1.0,0.7413260886573954,0.26179125583695173,0.9678968432967059,pid
0.98,1.0,0.7443232573464618,0.25867391134260465,0.9653171319764565,pid
1.0,1.0,0.7472068618815764,0.25567674265353824,0.9629358098368378,pid
1.02,1.0,0.7499831356019051,0.25279313811842363,0.9607412340861684,pid
1.04,1.0,0.7526579552561925,0.2500168643980949,0.9587224318764642,pid
1.06,1.0,0.7552368614769227,0.2473420447438075,0.9568690618183233,pid
1.08,1.0,0.757725078078556,0.2447631385230773,0.9551713777062832,pid
1.1,1.0,0.7601275302473816,0.24227492192144395,0.9536201943276875,pid
1.12,1.0,0.762448861686647,0.23987246975261844,0.952206855235395,pid
1.1400000000000001,1.0,0.7646934507769715,0.23755113831335295,0.9509232023715317,pid
1.16,1.0,0.7668654258085975,0.23530654922302852,0.9497615474359679,pid
1.18,1.0,0.7689686793387948,0.2331345741914025,0.9487146448993182,pid
1.2,1.0,0.7710068817246613,0.23103132066120524,0.9477756665659969,pid
1.22,1.0,0.7729834938786848,0.22899311827533875,0.9469381775983072,pid
1.24,1.0,0.7749017792917068,0.2270165061213152,0.9461961139176492,pid
1.26,1.0,0.776764815365364,0.22509822070829322,0.9455437609037388,pid
1.28,1.0,0.778575504093672,0.22323518463463599,0.9449757333173039,pid
1.3,1.0,0.7803365821311304,0.22142449590632796,0.9444869563759613,pid
1.32,1.0,0.7820506302825868,0.21966341786886956,0.9440726479170607,pid
1.34,1.0,0.783720082448071,0.2179493697174132,0.9437283015850563,pid
1.36,1.0,0.7853472340539046,0.216279917551929,0.9434496709845581,pid
1.3800000000000001,1.0,0.7869342499995907,0.2146527659460954,0.9432327547435986,pid
1.4000000000000001,1.0,0.7884831721482966,0.21306575000040928,0.9430737824348434,pid
1.42,1.0,0.7899959263871432,0.21151682785170345,0.9429692013054584,pid
1.44,1.0,0.7914743292820098,0.21000407361285678,0.9429156637691869,pid
1.46,1.0,0.7929200943501431,0.20852567071799022,0.9429100156168758,pid
1.48,1.0,0.794334837972523,0.2070799056498569,0.942949284904153,pid
1.5,1.0,0.7957200849666756,0.20566516202747698,0.9430306714774013,pid
1.52,1.0,0.7970772738394354,0.20427991503332443,0.9431515371013326,pid
1.54,1.0,0.7984077617380405,0.20292272616056461,0.9433093961536344,pid
1.56,1.0,0.7997128291168857,0.2015922382619595,0.9435019068541016,pid
1.58,1.0,0.8009936841362655,0.20028717088311432,0.9437268629975628,pid
1.6,1.0,0.8022514668085009,0.19900631586373452,0.9439821861616633,pid
1.62,1.0,0.8034872529059585,0.1977485331914991,0.9442659183622285,pid
1.6400000000000001,1.0,0.8047020576446374,0.19651274709404154,0.9445762151305022,pid
1.6600000000000001,1.0,0.805896839156216,0.19529794235536257,0.9449113389880299,pid
1.68,1.0,0.8070725017607061,0.19410316084378398,0.945269653296344,pid
1.7,1.0,0.8082298990511692,0.1929274982392939,0.9456496164599275,pid
1.72,1.0,0.8093698368012866,0.19177010094883085,0.9460497764621598,pid
1.74,1.0,0.810493075705961,0.1906301631987134,0.9464687657151309,pid
1.76,1.0,0.8116003339645353,0.18950692429403904,0.9469052962052756,pid
1.78,1.0,0.8126922897156729,0.18839966603546465,0.9473581549178645,pid
1.8,1.0,0.8137695833324141,0.18730771028432713,0.9478261995243049,pid
1.82,1.0,0.8148328195854447,0.18623041666758589,0.9483083543171849,pid
1.84,1.0,0.8158825696821411,0.18516718041455527,0.948803606378808,pid
1.86,1.0,0.8169193731885306,0.18411743031785888,0.9493110019698279,pid
1.8800000000000001,1.0,0.8179437398408893,0.18308062681146942,0.9498296431253184,pid
1.9000000000000001,1.0,0.8189561512533174,0.1820562601591107,0.9503586844463874,pid
1.92,1.0,0.8199570625272663,0.18104384874668256,0.9508973300760903,pid
1.94,1.0,0.8209469037686475,0.1800429374727337,0.9514448308490526,pid
1.96,1.0,0.8219260815178342,0.17905309623135246,0.952000481604845,pid
1.98,1.0,0.8228949800975555,0.1780739184821658,0.952563618655679,pid
2.0,1.0,0.8238539628834008,0.17710501990244454,0.9531336173995795,pid
2.02,1.0,0.8248033735013794,0.17614603711659915,0.9537098900706715,pid
2.04,1.0,0.8257435369567231,0.17519662649862056,0.9542918836187015,pid
2.06,1.0,0.8266747606978827,0.1742564630432769,0.9548790777103788,pid
2.08,1.0,0.8275973356194399,0.1733252393021173,0.9554709828455338,pid
2.1,1.0,0.8285115370074423,0.17240266438056007,0.9560671385814998,pid
2.12,1.0,0.8294176254304686,0.1714884629925577,0.9566671118595043,pid
2.14,1.0,0.8303158475795425,0.1705823745695314,0.95727049542721,pid
2.16,1.0,0.83120643705983,0.16968415242045753,0.9578769063518746,pid
2.18,1.0,0.8320896151368926,0.16879356294017,0.9584859846189453,pid
2.2,1.0,0.8329655914401041,0.1679103848631074,0.9590973918111543,pid
2.22,1.0,0.833834564625692,0.16703440855989593,0.9597108098635121,pid
2.24,1.0,0.8346967230017235,0.16616543537430795,0.9603259398898307,pid
2.2600000000000002,1.0,0.8355522451172189,0.16530327699827652,0.960942501076667,pid
2.2800000000000002,1.0,0.8364013003174565,0.16444775488278107,0.9615602296408183,pid
2.3000000000000003,1.0,0.8372440492674068,0.16359869968254348,0.962178877846716,pid
2.32,1.0,0.8380806444451294,0.1627559507325932,0.9627982130802805,pid
2.34,1.0,0.8389112306068564,0.16191935555487058,0.96341801697599,pid
2.36,1.0,0.8397359452253877,0.16108876939314365,0.9640380845941099,pid
2.38,1.0,0.8405549189033332,0.16026405477461225,0.9646582236452015,pid
2.4,1.0,0.8413682757626438,0.15944508109666677,0.9652782537591944,pid
2.42,1.0,0.8421761338117948,0.15863172423735616,0.9658980057964559,pid
2.44,1.0,0.8429786052919046,0.1578238661882052,0.9665173211984628,pid
2.46,1.0,0.8437757970029982,0.1570213947080954,0.9671360513757757,pid
2.48,1.0,0.8445678106115563,0.1562242029970018,0.9677540571312003,pid
2.5,1.0,0.8453547429404238,0.15543218938844372,0.9683712081160893,pid
2.52,1.0,0.8461366862420925,0.1546452570595762,0.9689873823179038,pid
2.54,1.0,0.8469137284563109,0.15386331375790752,0.9696024655772184,pid
2.56,1.0,0.847685953452922,0.15308627154368915,0.9702163511324953,pid
2.58,1.0,0.8484534412607782,0.15231404654707803,0.9708289391910254,pid
2.6,1.0,0.8492162682835316,0.15154655873922185,0.9714401365245278,pid
2.62,1.0,0.8499745075030539,0.15078373171646842,0.9720498560879995,pid
2.64,1.0,0.8507282286711964,0.15002549249694608,0.9726580166604837,pid
2.66,1.0,0.8514774984905596,0.14927177132880365,0.9732645425064821,pid
2.68,1.0,0.8522223807849041,0.14852250150944035,0.973869363056836,pid
2.7,1.0,0.8529629366597955,0.1477776192150959,0.974472412607964,pid
2.72,1.0,0.8536992246540477,0.1470370633402045,0.9750736300383862,pid
2.74,1.0,0.8544313008824896,0.14630077534595232,0.9756729585415516,pid
2.7600000000000002,1.0,0.8551592191705555,0.14556869911751036,0.9762703453740323,pid
2.7800000000000002,1.0,0.8558830311811673,0.14484078082944452,0.976865741618202,pid
2.8000000000000003,1.0,0.8566027865343527,0.14411696881883274,0.9774591019585595,pid
2.82,1.0,0.8573185329200155,0.14339721346564727,0.9780503844709226,pid
2.84,1.0,0.8580303162042501,0.14268146707998453,0.9786395504237482,pid
2.86,1.0,0.8587381805295743,0.14196968379574992,0.9792265640908859,pid
2.88,1.0,0.8594421684094256,0.1412618194704257,0.9798113925750971,pid
2.9,1.0,0.8601423208172531,0.14055783159057444,0.9803940056417408,pid
2.92,1.0,0.8608386772705139,0.13985767918274694,0.9809743755620214,pid
2.94,1.0,0.8615312759098679,0.13916132272948611,0.9815524769652673,pid
2.96,1.0,0.8622201535738448,0.1384687240901321,0.9821282866997008,pid
2.98,1.0,0.8629053458692449,0.13777984642615515,0.9827017837012367,pid
3.0,1.0,0.8635868872375182,0.13709465413075506,0.9832729488698297,pid
3.02,1.0,0.8642648110173515,0.1364131127624818,0.9838417649529347,pid
3.04,1.0,0.8649391495036838,0.13573518898264847,0.9844082164356966,pid
3.06,1.0,0.8656099340033516,0.13506085049631622,0.9849722894374469,pid
3.08,1.0,0.8662771948875614,0.13439006599664838,0.9855339716141769,pid
3.1,1.0,0.8669409616413675,0.13372280511243861,0.9860932520666208,pid
3.12,1.0,0.8676012629103304,0.13305903835863253,0.9866501212536466,pid
3.14,1.0,0.8682581265445157,0.13239873708966965,0.9872045709106296,pid
3.16,1.0,0.8689115796399871,0.13174187345548427,0.9877565939725373,pid
3.18,1.0,0.8695616485779364,0.1310884203600129,0.9883061845014502,pid
3.2,1.0,0.8702083590615869,0.13043835142206361,0.9888533376182577,pid
3.22,1.0,0.8708517361509981,0.1297916409384131,0.9893980494383037,pid
3.24,1.0,0.8714918042958909,0.1291482638490019,0.9899403170107366,pid
3.2600000000000002,1.0,0.8721285873666087,0.1285081957041091,0.9904801382613699,pid
3.2800000000000002,1.0,0.8727621086833199,0.1278714126333913,0.9910175119388316,pid
3.3000000000000003,1.0,0.8733923910435635,0.12723789131668006,0.9915524375638307,pid
3.3200000000000003,1.0,0.8740194567482322,0.12660760895643652,0.9920849153813556,pid
3.34,1.0,0.8746433276260837,0.12598054325176777,0.9926149463156275,pid
3.36,1.0,0.8752640250568632,0.12535667237391634,0.9931425319276707,pid
3.38,1.0,0.8758815699931186,0.12473597494313682,0.9936676743753213,pid
3.4,1.0,0.8764959829807812,0.12411843000688139,0.9941903763755631,pid
3.42,1.0,0.8771072841785847,0.12350401701921876,0.9947106411690372,pid
3.44,1.0,0.877715493376388,0.12289271582141525,0.9952284724866061,pid
3.46,1.0,0.8783206300124646,0.12228450662361201,0.9957438745178576,pid
3.48,1.0,0.8789227131898191,0.12167936998753537,0.9962568518814339,pid
3.5,1.0,0.8795217616915847,0.12107728681018093,0.9967674095970793,pid
3.52,1.0,0.880117793995556,0.12047823830841531,0.9972755530593094,pid
3.54,1.0,0.880710828287906,0.11988220600444399,0.9977812880126151,pid
3.56,1.0,0.881300882476134,0.11928917171209397,0.9982846205280962,pid
3.58,1.0,0.8818879742012884,0.11869911752386597,0.9987855569814632,pid
3.6,1.0,0.8824721208495063,0.1181120257987116,0.9992841040323139,pid
3.62,1.0,0.8830533395629095,0.11752787915049367,0.9997802686046173,pid
3.64,1.0,0.8836316472498922,0.11694666043709045,1.0002740578683313,pid
3.66,1.0,0.8842070605948366,0.11636835275010782,1.0007654792220981,pid
3.68,1.0,0.8847795960672891,0.11579293940516344,1.0012545402769437,pid
3.7,1.0,0.8853492699306273,0.11522040393271094,1.0017412488409325,pid
3.72,1.0,0.8859160982502479,0.11465073006937265,1.0022256129047158,pid
3.74,1.0,0.886480096901301,0.11408390174975214,1.0027076406279292,pid
3.7600000000000002,1.0,0.8870412815760002,0.11351990309869897,1.003187340326385,pid
3.7800000000000002,1.0,0.8875996677905285,0.11295871842399985,1.003664720460015,pid
3.8000000000000003,1.0,0.8881552708915673,0.11240033220947154,1.0041397896215236,pid
3.8200000000000003,1.0,0.8887081060624669,0.11184472910843268,1.004612556525702,pid
3.84,1.0,0.8892581883290802,0.11129189393753314,1.0050830299993796,pid
3.86,1.0,0.8898055325652796,0.11074181167091979,1.0055512189719595,pid
3.88,1.0,0.8903501534981738,0.11019446743472039,1.0060171324665201,pid
3.9,1.0,0.8908920657130427,0.10964984650182619,1.0064807795914346,pid
3.92,1.0,0.8914312836580056,0.10910793428695731,1.0069421695324923,pid
3.94,1.0,0.8919678216484392,0.10856871634199439,1.007401311545489,pid
3.96,1.0,0.8925016938711585,0.10803217835156076,1.007858214949249,pid
3.98,1.0,0.8930329143883744,0.10749830612884148,1.0083128891190702,pid
4.0,1.0,0.8935614971414413,0.1069670856116256,1.0087653434805586,pid
4.0200000000000005,1.0,0.8940874559544062,0.10643850285855871,1.009215587503829,pid
4.04,1.0,0.8946108045373703,0.1059125440455938,1.0096636306980544,pid
4.0600000000000005,1.0,0.8951315564896751,0.1053891954626297,1.0101094826063475,pid
4.08,1.0,0.895649725302921,0.10486844351032487,1.0105531528009368,pid
4.1,1.0,0.8961653243638298,0.10435027469707903,1.0109946508786538,pid
4.12,1.0,0.896678366956959,0.10383467563617022,1.0114339864566737,pid
4.14,1.0,0.8971888662672766,0.10332163304304098,1.0118711691685298,pid
4.16,1.0,0.8976968353826037,0.10281113373272344,1.0123062086603611,pid
4.18,1.0,0.8982022872959343,0.1023031646173963,1.012739114587397,pid
4.2,1.0,0.8987052349076368,0.10179771270406568,1.0131698966106477,pid
4.22,1.0,0.8992056910275449,0.10129476509236324,1.0135985643938086,pid
4.24,1.0,0.8997036683769459,0.10079430897245512,1.0140251276003545,pid
4.26,1.0,0.9001991795904691,0.10029633162305407,1.014449595890803,pid
4.28,1.0,0.9006922372178822,0.09980082040953087,1.014871978920167,pid
4.3,1.0,0.9011828537257998,0.09930776278211784,1.0152922863355507,pid
4.32,1.0,0.9016710414993103,0.09881714627420024,1.0157105277739082,pid
4.34,1.0,0.9021568128435242,0.09832895850068968,1.0161267128599363,pid
4.36,1.0,0.9026401799850489,0.09784318715647577,1.0165408512041063,pid
4.38,1.0,0.9031211550733942,0.09735982001495114,1.016952952400822,pid
4.4,1.0,0.9035997501823134,0.09687884492660581,1.0173630260266948,pid
4.42,1.0,0.9040759773110811,0.09640024981768658,1.0177710816389283,pid
4.44,1.0,0.9045498483857137,0.09592402268891886,1.0181771287738175,pid
4.46,1.0,0.9050213752601348,0.09545015161428627,1.0185811769453386,pid
4.48,1.0,0.9054905697172886,0.09497862473986518,1.0189832356438349,pid
4.5,1.0,0.9059574434702041,0.09450943028271142,1.0193833143347932,pid
4.5200000000000005,1.0,0.9064220081630137,0.09404255652979587,1.019781422457702,pid
4.54,1.0,0.9068842753719271,0.09357799183698634,1.0201775694249868,pid
4.5600000000000005,1.0,0.9073442566061651,0.09311572462807294,1.0205717646210206,pid
4.58,1.0,0.9078019633088535,0.09265574339383487,1.0209640174012027,pid
4.6000000000000005,1.0,0.9082574068578809,0.09219803669114646,1.021354337091107,pid
4.62,1.0,0.9087105985667212,0.09174259314211908,1.0217427329856812,pid
4.64,1.0,0.9091615496852238,0.0912894014332788,1.0221292143485197,pid
4.66,1.0,0.9096102714003724,0.09083845031477622,1.022513790411176,pid
4.68,1.0,0.910056774837015,0.09038972859962757,1.022896470372537,pid
4.7,1.0,0.9105010710585654,0.08994322516298503,1.0232772633982392,pid
4.72,1.0,0.9109431710676796,0.08949892894143463,1.023656178620134,pid
4.74,1.0,0.9113830858069065,0.08905682893232036,1.0240332251357938,pid
4.76,1.0,0.9118208261593158,0.08861691419309348,1.024408412008063,pid
4.78,1.0,0.9122564029491036,0.08817917384068419,1.0247817482646373,pid
4.8,1.0,0.9126898269421772,0.0877435970508964,1.02515324289769,pid
4.82,1.0,0.9131211088467197,0.08731017305782285,1.025522904863524,pid
4.84,1.0,0.9135502593137371,0.08687889115328029,1.0258907430822604,pid
4.86,1.0,0.9139772889375859,0.08644974068626288,1.0262567664375497,pid
4.88,1.0,0.9144022082564854,0.0860227110624141,1.0266209837763232,pid
4.9,1.0,0.9148250277530139,0.08559779174351456,1.026983403908556,pid
4.92,1.0,0.915245757854589,0.08517497224698611,1.027344035607066,pid
4.94,1.0,0.9156644089339346,0.08475424214541105,1.0277028876073326,pid
4.96,1.0,0.9160809913095348,0.08433559106606536,1.0280599686073362,pid
4.98,1.0,0.9164955152460733,0.0839190086904652,1.0284152872674166,pid
5.0,1.0,0.56959768,0.43040232,28.479884,cascade_pid
5.02,1.0,0.05597406358821755,0.9440259364117825,-25.16854290858912,cascade_pid
5.04,1.0,0.5417681223666742,0.45823187763332585,24.34007959615223,cascade_pid
5.06,1.0,0.17741836580877912,0.8225816341912209,-17.729896517764743,cascade_pid
5.08,1.0,0.5445970611481249,0.4554029388518751,18.51861129619519,cascade_pid
5.1,1.0,0.2762025531552011,0.723797446844799,-12.929588044612878,cascade_pid
5.12,1.0,0.5509687410794373,0.4490312589205627,13.986891694051494,cascade_pid
5.14,1.0,0.35265430484806776,0.6473456951519323,-9.419849944596983,cascade_pid
5.16,1.0,0.558176381042529,0.441823618957471,10.593492684086321,cascade_pid
5.18,1.0,0.41170592153279406,0.5882940784672059,-6.82116423254847,cascade_pid
5.2,1.0,0.5655184962901973,0.43448150370980265,8.061164067249678,cascade_pid
5.22,1.0,0.45743914288506715,0.5425608571149328,-4.895001023595332,cascade_pid
5.24,1.0,0.5726418228939028,0.42735817710609725,6.171829229038343,cascade_pid
5.26,1.0,0.49298721147588387,0.5070127885241161,-3.4673529302964323,cascade_pid
5.28,1.0,0.5793560246250407,0.42064397537495934,4.762129147786135,cascade_pid
5.3,1.0,0.5207411872750043,0.4792588127249957,-2.4093214453392795,cascade_pid
5.32,1.0,0.5855722151571473,0.4144277848428527,3.7102184626546526,cascade_pid
5.34,1.0,0.5425259733021767,0.45747402669782333,-1.625297099107101,cascade_pid
5.36,1.0,0.5912653453740747,0.4087346546259253,2.9252419795668594,cascade_pid
5.38,1.0,0.5597353016886961,0.4402646983113039,-1.0443633734322626,cascade_pid
5.4,1.0,0.5964489963249103,0.40355100367508967,2.339446503330535,cascade_pid
5.42,1.0,0.5734343725419273,0.4265656274580727,-0.6139270924567294,cascade_pid
5.44,1.0,0.6011585535569544,0.39884144644304564,1.9022999860390868,cascade_pid
5.46,1.0,0.584437885856122,0.415562114143878,-0.2949906868403581,cascade_pid
5.48,1.0,0.6054401842971066,0.39455981570289345,1.5761090193197405,cascade_pid
5.5,1.0,0.593369402726532,0.40663059727346795,-0.05864291266133015,cascade_pid
5.52,1.0,0.6093438085252134,0.3906561914747866,1.3327527523879468,cascade_pid
5.54,1.0,0.6007065347124443,0.3992934652875557,0.11654573703423798,cascade_pid
5.5600000000000005,1.0,0.6129187889031943,0.3870812110968057,1.1512485907787027,cascade_pid
5.58,1.0,0.6068153691240508,0.39318463087594924,0.2464559210556989,cascade_pid
5.6,1.0,0.616211445446295,0.383788554553705,1.01593764832386,cascade_pid
5.62,1.0,0.6119767129532905,0.3880232870467095,0.3428536762514406,cascade_pid
5.64,1.0,0.6192637724056215,0.38073622759437853,0.9151320142745091,cascade_pid
5.66,1.0,0.616406114141547,0.383593885858453,0.4144544819613364,cascade_pid
5.68,1.0,0.6221129276822834,0.37788707231771657,0.8401061797642156,cascade_pid
5.7,1.0,0.6202691466193729,0.37973085338062706,0.4677125817685286,cascade_pid
5.72,1.0,0.6247912013580119,0.3752087986419881,0.7843449688893819,cascade_pid
5.74,1.0,0.6236930879274388,0.3763069120725612,0.507406409693554,cascade_pid
5.76,1.0,0.6273262656473497,0.3726737343526503,0.7429826651302412,cascade_pid
5.78,1.0,0.6267758472337968,0.37322415276620324,0.5370727184049655,cascade_pid
5.8,1.0,0.6297415753520562,0.3702584246479438,0.7123846684233918,cascade_pid
5.82,1.0,0.6295927960793993,0.37040720392060067,0.5593284541840049,cascade_pid
5.84,1.0,0.6320568340961336,0.36794316590386644,0.6898354173081734,cascade_pid
5.86,1.0,0.6322019982707294,0.3677980017292706,0.576109359416316,cascade_pid
5.88,1.0,0.6342884732585309,0.3657115267414691,0.6733055478337286,cascade_pid
5.9,1.0,0.6346482169571498,0.3653517830428502,0.5888468108636208,cascade_pid
5.92,1.0,0.6364501119161111,0.3635498880838889,0.6612781432095037,cascade_pid
5.94,1.0,0.6369659869847583,0.36303401301524174,0.5985988541568589,cascade_pid
5.96,1.0,0.6385529803460526,0.36144701965394743,0.6526190563510006,cascade_pid
5.98,1.0,0.6391819722305088,0.36081802776949123,0.6061472765342596,cascade_pid
6.0,1.0,0.6406062989095487,0.3593937010904513,0.6464801089594533,cascade_pid
6.02,1.0,0.6413167755868336,0.35868322441316636,0.6120695028828409,cascade_pid
6.04,1.0,0.6426176100024875,0.3573823899975125,0.6422268188108429,cascade_pid
6.0600000000000005,1.0,0.6433863296489811,0.3566136703510189,0.6167918313269186,cascade_pid
6.08,1.0,0.6445930643094063,0.3554069356905937,0.6393844297053423,cascade_pid
6.1,1.0,0.6454029659708929,0.35459703402910714,0.6206288409527906,cascade_pid
6.12,1.0,0.6465376646015505,0.3534623353984495,0.6375976009066837,cascade_pid
6.140000000000001,1.0,0.6473762377389166,0.3526237622610834,0.6238125550097007,cascade_pid
6.16,1.0,0.648455471311364,0.35154452868863595,0.6366002925873986,cascade_pid
6.18,1.0,0.649313553150402,0.35068644684959804,0.6265140161321214,cascade_pid
6.2,1.0,0.650349774461215,0.349650225538785,0.6361932633760166,cascade_pid
6.22,1.0,0.651220663374096,0.348779336625904,0.6288592426591428,cascade_pid
6.24,1.0,0.6522232364734679,0.3477767635265321,0.6362272520052792,cascade_pid
6.26,1.0,0.6531020387222147,0.34689796127778527,0.6309410252634624,cascade_pid
6.28,1.0,0.6540780101098597,0.34592198989014034,0.6365904042322416,cascade_pid
6.3,1.0,0.6549611588283782,0.34503884117162176,0.6328276450248023,cascade_pid
6.32,1.0,0.655915835390997,0.34408416460900304,0.637198871076474,cascade_pid
6.34,1.0,0.6568007366295164,0.34319926337048356,0.6345693137778722,cascade_pid
6.36,1.0,0.6577381189026746,0.34226188109732536,0.6379897766244762,cascade_pid
6.38,1.0,0.658622891358192,0.34137710864180804,0.6362029297882726,cascade_pid
6.4,1.0,0.659545998448661,0.340454001551339,0.6389159567458255,cascade_pid
6.42,1.0,0.6604292822330936,0.3395707177669064,0.6377555878254251,cascade_pid
6.4399999999999995,1.0,0.6613403955854626,0.33865960441453735,0.6399420216282359,cascade_pid
6.46,1.0,0.662221211837086,0.33777878816291396,0.6392471686080871,cascade_pid
6.48,1.0,0.6631220581872215,0.3368779418127785,0.641041408160151,cascade_pid
6.5,1.0,0.6639997061014535,0.33600029389854646,0.6406922480801022,cascade_pid
6.52,1.0,0.6648915948443478,0.3351084051556522,0.6421941726360189,cascade_pid
6.54,1.0,0.6657655762247633,0.3342344237752367,0.6421015043806858,cascade_pid
6.5600000000000005,1.0,0.6666495025989334,0.3333504974010666,0.6433853373107943,cascade_pid
6.58,1.0,0.6675194666327354,0.3324805333672646,0.6434827540291419,cascade_pid
6.6,1.0,0.04229575152732567,1.0,2.1147875763662833,fractional_pid
6.619999999999999,1.0,0.08153239847489561,0.9577042484726743,1.9998985237530904,fractional_pid
6.64,1.0,0.11807586089618205,0.9184676015251044,1.9005522796917276,fractional_pid
6.659999999999999,1.0,0.15218297269056433,0.881924139103818,1.8116238645256777,fractional_pid
6.68,1.0,0.18406283287605835,0.8478170273094356,1.7309576846962094,fractional_pid
6.699999999999999,1.0,0.21389505174015175,0.8159371671239417,1.6572674927931221,fractional_pid
6.72,1.0,0.2418379862066545,0.7861049482598482,1.5896522698912738,fractional_pid
6.739999999999999,1.0,0.2680333523097335,0.7581620137933455,1.5274224927399394,fractional_pid
6.76,1.0,0.29260917979172,0.7319666476902664,1.4700213911780855,fractional_pid
6.779999999999999,1.0,0.3156818841054978,0.7073908202082799,1.416983477501436,fractional_pid
6.8,1.0,0.3373578152199514,0.6843181158945022,1.3679102514176271,fractional_pid
6.819999999999999,1.0,0.3577344701616616,0.6626421847800485,1.3224547807834661,fractional_pid
6.84,1.0,0.37690147539274577,0.6422655298383384,1.280311284699705,fractional_pid
6.859999999999999,1.0,0.39494140354934754,0.6230985246072542,1.24120773568356,fractional_pid
6.88,1.0,0.4119304660513794,0.6050585964506525,1.2049003882960065,fractional_pid
6.8999999999999995,1.0,0.4279391095688474,0.5880695339486206,1.1711695953196422,fractional_pid
6.92,1.0,0.4430325359741296,0.5720608904311526,1.1398165188760747,fractional_pid
6.9399999999999995,1.0,0.4572711600232934,0.5569674640258704,1.110660484834904,fractional_pid
6.96,1.0,0.47071101540788646,0.5427288399767066,1.0835368132506171,fractional_pid
6.9799999999999995,1.0,0.48340411733194794,0.5292889845921136,1.0582950100701722,fractional_pid
7.0,1.0,0.4953987880028923,0.5165958826680521,1.0347972391459712,fractional_pid
7.02,1.0,0.5067399501387007,0.5046012119971077,1.01291701599302,fractional_pid
7.04,1.0,0.5174693926358317,0.49326004986129934,0.9925380799813843,fractional_pid
7.06,1.0,0.5276260118141466,0.4825306073641683,0.973553412287996,fractional_pid
7.08,1.0,0.5372460310915956,0.4723739881858534,0.9558643745051819,fractional_pid
7.1,1.0,0.5463632014980176,0.46275396890840437,0.9393799483035373,fractional_pid
7.119999999999999,1.0,0.5550089850833164,0.45363679850198235,0.924016060613155,fractional_pid
7.14,1.0,0.5632127229886774,0.4449910149166836,0.9096949818430365,fractional_pid
7.16,1.0,0.5710017897146746,0.4367872770113226,0.8963447869896716,fractional_pid
7.18,1.0,0.5784017349255894,0.42899821028532537,0.883898871288949,fractional_pid
7.199999999999999,1.0,0.5854364139664961,0.42159826507441056,0.8722955134783649,fractional_pid
7.22,1.0,0.5921281081322324,0.41456358603350385,0.8614774808566601,fractional_pid
7.239999999999999,1.0,0.59856661765568,0.4078718918677676,0.8548407734913875,fractional_pid
7.26,1.0,0.6047527823734201,0.40143338234432,0.8480181917771173,fractional_pid
7.279999999999999,1.0,0.610689864981197,0.3952472176265799,0.8411316345249227,fractional_pid
7.3,1.0,0.616382496374705,0.38931013501880296,0.834252448158475,fractional_pid
7.319999999999999,1.0,0.6218362147332694,0.383617503625295,0.8274301646654553,fractional_pid
7.34,1.0,0.627057189715274,0.37816378526673056,0.8207013423601721,fractional_pid
7.359999999999999,1.0,0.6320520335607817,0.372942810284726,0.8140936630191293,fractional_pid
7.38,1.0,0.6368276622368599,0.36794796643921834,0.8076282640086202,fractional_pid
7.3999999999999995,1.0,0.641391189116661,0.36317233776314006,0.8013212400032279,fractional_pid
7.42,1.0,0.6457498415297641,0.35860881088333896,0.7951846908601485,fractional_pid
7.4399999999999995,1.0,0.6499108942641498,0.3542501584702359,0.789227494096075,fractional_pid
7.46,1.0,0.6538816161055767,0.35008910573585017,0.7834558969090797,fractional_pid
7.4799999999999995,1.0,0.6576692266732698,0.3461183838944233,0.7778739828796704,fractional_pid
7.5,1.0,0.6612808615460359,0.34233077332673023,0.7724840476442495,fractional_pid
7.52,1.0,0.6647235441598756,0.33871913845396406,0.7672869060834158,fractional_pid
7.54,1.0,0.6680041632955843,0.33527645584012444,0.762282146529325,fractional_pid
7.56,1.0,0.6711294552175264,0.3319958367044157,0.7574683430631306,fractional_pid
7.58,1.0,0.6741059897048034,0.3288705447824736,0.7528432340596207,fractional_pid
7.6,1.0,0.6769401593531107,0.3258940102951966,0.7484038731496879,fractional_pid
7.619999999999999,1.0,0.6796381716322264,0.3230598406468893,0.7441467573735846,fractional_pid
7.64,1.0,0.682206043268589,0.3203618283677736,0.7400679362871347,fractional_pid
7.66,1.0,0.6846495965904401,0.317793956731411,0.7361631050342824,fractional_pid
7.68,1.0,0.6869744575284692,0.3153504034095599,0.732427683832849,fractional_pid
7.699999999999999,1.0,0.6891860550106313,0.3130255424715308,0.7288568858837277,fractional_pid
7.72,1.0,0.6912896215278729,0.31081394498936865,0.725445775371643,fractional_pid
7.74,1.0,0.693290194679445,0.3087103784721271,0.7221893169536882,fractional_pid
7.76,1.0,0.6951926195334737,0.30670980532055503,0.7190824179129356,fractional_pid
7.779999999999999,1.0,0.6970015516613948,0.30480738046652633,0.716119963976179,fractional_pid
7.8,1.0,0.6987214607244554,0.30299844833860523,0.7132968496482875,fractional_pid
7.819999999999999,1.0,0.700356634507296,0.3012785392755446,0.7106080037940419,fractional_pid
7.84,1.0,0.7019111833080973,0.299643365492704,0.7080484110966342,fractional_pid
7.859999999999999,1.0,0.7033890446072795,0.2980888166919027,0.7056131299363934,fractional_pid
7.88,1.0,0.7047944404816762,0.29661095539272053,0.703319933866389,fractional_pid
7.8999999999999995,1.0,0.7061312825096069,0.29520555951832383,0.7011570978300434,fractional_pid
7.92,1.0,0.7074032115561012,0.2938687174903931,0.6991146065833633,fractional_pid
7.9399999999999995,1.0,0.7086136266361999,0.2925967884438988,0.6971836444054236,fractional_pid
7.96,1.0,0.7097657083451728,0.29138637336380013,0.695356349421228,fractional_pid
7.9799999999999995,1.0,0.7108624386818281,0.29023429165482717,0.6936256543434167,fractional_pid
8.0,1.0,0.7119066181801887,0.2891375613181719,0.6919851697316809,fractional_pid
8.02,1.0,0.7129008809094218,0.28809338181981126,0.6904290928238265,fractional_pid
8.04,1.0,0.7138477077260453,0.28709911909057817,0.6889521336496571,fractional_pid
8.059999999999999,1.0,0.7147494380613109,0.28615229227395467,0.6875494537167197,fractional_pid
8.08,1.0,0.71560828046219,0.28525056193868914,0.6862166142991406,fractional_pid
8.1,1.0,0.7164263220601605,0.28439171953780995,0.6849495323144963,fractional_pid
8.12,1.0,0.717205537109955,0.28357367793983945,0.6837444423438699,fractional_pid
8.14,1.0,0.717947794716283,0.28279446289004495,0.6825978637153587,fractional_pid
8.16,1.0,0.7186548658477543,0.282052205283717,0.6815065718182212,fractional_pid
8.18,1.0,0.7193284297222806,0.2813451341522457,0.6804675729892976,fractional_pid
